siteName,gage,USGS,parameter,timePeriod,sampleSize,percentCensored,fluxBias,RsqLogC,RsqLogF,rmse,sepPercent,cDirection,cEstPercentChangePerYear,cPercentChangeTotal,cAmtChangeTotal,cEstEnd,cEstEndFN,cUnits,cPvalue,cTrendLikelihood,cPercentLikelihood,cTrendConfidence,fDirection,fEstPercentChangePerYear,fPercentChangeTotal,fAmtChangeTotal,fUnits,fPvalue,fTrendLikelihood,fPercentLikelihood,fTrendConfidence,latitude,longitude
I-05,USGS Chester,7020500,Total Aluminum,2001 to 2018,67,0,-0.00439,0.626,,0.561,60.8,decreasing,-3.5,-60,-1956,1369,1215,ug/L,0.21,downward likely,89.4,low,,4.4,,,,,,,,37.9125,-89.8519444
I-05,USGS Chester,7020500,Total Arsenic,2001 to 2018,62,17.7,0.0241,0.617,,0.275,28,decreasing,-0.61,-10,-0.293,2.61,2.42,ug/L,0.48,downward likely,75.5,low,,4.4,,,,,,,,37.9125,-89.8519444
I-05,USGS Chester,7020500,Chloride,2001 to 2018,67,0,-0.00222,0.704,0.888,0.151,15.2,increasing,0.97,16,4.36,29.6,31.9,mg/L,0.11,upward very likely,94.6,moderate,increasing,1.1,19,943.6 10^6,kg/yr,0.045,upward highly likely,97.5,high,37.9125,-89.8519444
I-05,USGS Chester,7020500,Chlorophyll-a,2001 to 2018,65,0,0.00155,0.258,,0.576,62.8,decreasing,-1.2,-20,-6.25,18.7,22.2,ug/L,0.29,downward likely,85.3,low,,1.1,,,,,,,,37.9125,-89.8519444
I-05,USGS Chester,7020500,Total Copper,2001 to 2018,70,35.7,-0.013,0.321,,0.765,89.2,decreasing,-2.9,-49,-3.67,3.97,3.73,ug/L,0.21,downward likely,89.4,low,,1.1,,,,,,,,37.9125,-89.8519444
I-05,USGS Chester,7020500,Dissolved Oxygen,2001 to 2018,72,0,0.0045,0.866,0.959,0.113,11.3,increasing,0.75,13,1.1,9.85,9.98,mg/L,0.039,upward highly likely,99,high,increasing,0.97,16,272.7 10^6,kg/yr,0.039,upward highly likely,99,high,37.9125,-89.8519444
I-05,USGS Chester,7020500,Total Lead,2001 to 2018,70,41.4,0.266,0.542,,1.11,155,decreasing,-2.9,-49,-2.66,4.33,3.65,ug/L,0.13,downward very likely,93.6,moderate,,0.97,,,,,,,,37.9125,-89.8519444
I-05,USGS Chester,7020500,Inorganic Nitrogen,2001 to 2018,66,0,0.0381,0.662,0.883,0.346,35.6,no clear trend,0.2,3.4,0.0519,2.62,2.42,mg/L,1,about as likely as not,50,,increasing,0.6,10,56.9 10^6,kg/yr,0.64,upward likely,67.6,low,37.9125,-89.8519444
I-05,USGS Chester,7020500,pH,2001 to 2018,72,0,-0.00495,0.197,,0.0615,6.16,increasing,0.32,5.5,0.333,7.63,7.7,SU,0.13,upward very likely,93.6,moderate,,0.6,,,,,,,,37.9125,-89.8519444
I-05,USGS Chester,7020500,Total Phosphorus,2001 to 2018,63,0,-0.003,0.36,0.855,0.333,34.2,decreasing,-0.77,-13,-0.0486,0.329,0.296,mg/L,0.41,downward likely,79.4,low,decreasing,-0.98,-17,-17.12 10^6,kg/yr,0.4,downward likely,79.4,low,37.9125,-89.8519444
I-05,USGS Chester,7020500,Conductivity,2001 to 2018,72,0,0.000318,0.413,,0.118,11.9,increasing,1.6,26,124,559,587,uS/cm,0.039,upward highly likely,99,high,,-0.98,,,,,,,,37.9125,-89.8519444
I-05,USGS Chester,7020500,Sulfate,2001 to 2018,62,0,0.0219,0.235,0.527,0.398,41.5,increasing,2.7,46,21.5,60.3,68.6,mg/L,0.039,upward highly likely,99,high,increasing,2.9,50,4642 10^6,kg/yr,0.039,upward highly likely,99,high,37.9125,-89.8519444
I-05,USGS Chester,7020500,Total Suspended Solids,2001 to 2018,64,0,0.0373,0.38,0.679,0.791,93.3,decreasing,-3.1,-53,-201,197.1,175,mg/L,0.11,downward very likely,94.6,moderate,decreasing,-3.3,-55,-72511 10^6,kg/yr,0.18,downward very likely,90.6,moderate,37.9125,-89.8519444
I-05,USGS Chester,7020500,Turbidity,2001 to 2017,67,0,-0.0053,0.51,,0.601,66,decreasing,-2.3,-36,-50.5,99.8,88.8,NTUs,0.24,downward likely,87.3,low,,-3.3,,,,,,,,37.9125,-89.8519444
I-05,USGS Chester,7020500,Total Zinc,2001 to 2018,66,27.3,-0.132,0.251,,0.844,102,decreasing,-1.8,-30,-7.09,19.6,18.4,ug/L,0.53,downward likely,73.5,low,,-3.3,,,,,,,,37.9125,-89.8519444
J-36,USGS St. Louis,7010000,Total Aluminum,2000 to 2018,67,0,0.0414,0.488,,0.729,83.7,decreasing,-3.2,-57,-1659,1315,1190,ug/L,0.27,downward likely,87.3,low,,-3.3,,,,,,,,38.4007,-90.32321
J-36,USGS St. Louis,7010000,Total Arsenic,2000 to 2018,62,27.4,0.0255,0.466,,0.348,35.9,no clear trend,0.13,2.4,0.0281,2.47,2.3,ug/L,0.7,about as likely as not,65.7,,,-3.3,,,,,,,,38.4007,-90.32321
J-36,USGS St. Louis,7010000,Chloride,2000 to 2018,67,0,-0.00434,0.63,0.855,0.185,18.7,increasing,0.99,18,5.02,31.9,34.2,mg/L,0.35,upward likely,83.3,low,increasing,0.94,17,863.6 10^6,kg/yr,0.31,upward likely,85.3,low,38.4007,-90.32321
J-36,USGS St. Louis,7010000,Total Copper,2000 to 2018,69,31.9,-0.0408,0.226,,0.716,81.8,decreasing,-2.9,-52,-4.66,4.42,4.43,ug/L,0.062,downward highly likely,97.2,high,,0.94,,,,,,,,38.4007,-90.32321
J-36,USGS St. Louis,7010000,Dissolved Oxygen,2000 to 2018,72,0,0.00357,0.862,0.955,0.116,11.7,increasing,0.64,11,0.967,9.96,10.09,mg/L,0.048,upward highly likely,97.2,high,increasing,0.75,13,198.2 10^6,kg/yr,0.048,upward highly likely,97.2,high,38.4007,-90.32321
J-36,USGS St. Louis,7010000,Total Lead,2000 to 2018,68,45.6,0.118,0.461,,1.03,138,decreasing,-1.8,-32,-1.39,3.97,3.72,ug/L,0.5,downward likely,75.5,low,,0.75,,,,,,,,38.4007,-90.32321
J-36,USGS St. Louis,7010000,Inorganic Nitrogen,2000 to 2018,67,0,0.0484,0.631,0.863,0.382,39.6,no clear trend,-0.13,-2.4,-0.0896,2.85,2.61,mg/L,0.74,about as likely as not,36.3,,no clear trend,0.017,0.3,-3.856 10^6,kg/yr,0.77,about as likely as not,38.2,,38.4007,-90.32321
J-36,USGS St. Louis,7010000,pH,2000 to 2018,72,0,-0.00652,0.07,,0.0824,8.26,increasing,0.12,2.2,0.0237,7.3,7.43,SU,0.58,upward likely,71.6,low,,0.017,,,,,,,,38.4007,-90.32321
J-36,USGS St. Louis,7010000,Total Phosphorus,2000 to 2018,64,0,-0.0274,0.301,0.83,0.361,37.3,increasing,1.2,22,0.0459,0.348,0.319,mg/L,0.39,upward likely,79.4,low,increasing,1,19,8.159 10^6,kg/yr,0.64,upward likely,67.6,low,38.4007,-90.32321
J-36,USGS St. Louis,7010000,Conductivity,2000 to 2018,72,0,-0.00453,0.301,,0.124,12.5,increasing,0.99,18,91.5,530,554,uS/cm,0.039,upward highly likely,99,high,,1,,,,,,,,38.4007,-90.32321
J-36,USGS St. Louis,7010000,Sulfate,2000 to 2018,63,1.6,-0.00378,0.271,0.569,0.371,38.5,increasing,1.9,34,14.1,46.7,52.3,mg/L,0.065,upward highly likely,96.5,high,increasing,2.3,41,3201 10^6,kg/yr,0.04,upward highly likely,97.5,high,38.4007,-90.32321
J-36,USGS St. Louis,7010000,Total Suspended Solids,2000 to 2018,60,0,0.0383,0.515,0.808,0.533,57.3,decreasing,-1.8,-33,-59.7,131.2,112,mg/L,0.085,downward highly likely,95.5,high,decreasing,-2.1,-38,-21323 10^6,kg/yr,0.074,downward highly likely,96.5,high,38.4007,-90.32321
J-36,USGS St. Louis,7010000,Turbidity,2000 to 2017,68,0,-0.0945,0.47,,0.622,68.8,decreasing,-2.2,-38,-51.1,85.6,76.4,NTUs,0.42,downward likely,79.4,low,,-2.1,,,,,,,,38.4007,-90.32321
J-36,USGS St. Louis,7010000,Total Zinc,2000 to 2018,66,25.8,-0.131,0.0871,,0.869,106,decreasing,-3.4,-62,-24,19.4,18.2,ug/L,0.36,downward likely,81.4,low,,-2.1,,,,,,,,38.4007,-90.32321
LaGrange,USGS Kingston Mines,5568500,Ammonia,1994 to 2017,397,1.8,0.0709,0.435,0.625,0.689,77.9,decreasing,-3,-69,-0.146,0.0698,0.0722,mg/L,0.039,downward highly likely,99,high,decreasing,-2.9,-68,-2.325 10^6,kg/yr,0.039,downward highly likely,99,high,40.55398308,-89.67387613
LaGrange,USGS Kingston Mines,5568500,Chloride,1994 to 2000,80,0,-0.0146,0.482,0.87,0.27,27.5,increasing,5.8,35,21.5,86.3,81.8,mg/L,0.067,upward highly likely,97.2,high,increasing,6.1,37,283.1 10^6,kg/yr,0.065,upward highly likely,97.2,high,40.55398308,-89.67387613
LaGrange,USGS Kingston Mines,5568500,Chlorophyll-a,1994 to 2017,480,0,-0.0274,0.713,,0.473,50.1,decreasing,-0.0037,-0.084,-3.66,17.7,19.8,ug/L,0.34,downward likely,83.3,low,,6.1,,,,,,,,40.55398308,-89.67387613
LaGrange,USGS Kingston Mines,5568500,Dissolved Oxygen,1994 to 2017,478,0.8,0.00699,0.792,0.968,0.148,14.9,increasing,0.21,4.9,0.406,9.68,9.72,mg/L,0.11,upward very likely,94.6,moderate,increasing,0.24,5.6,7.627 10^6,kg/yr,0.061,upward highly likely,96.5,high,40.55398308,-89.67387613
LaGrange,USGS Kingston Mines,5568500,Inorganic Nitrogen,1994 to 2017,398,0.3,0.0165,0.752,0.948,0.251,25.5,decreasing,-0.73,-17,-0.7,3.56,3.33,mg/L,0.039,downward highly likely,99,high,decreasing,-0.73,-17,-13.52 10^6,kg/yr,0.039,downward highly likely,99,high,40.55398308,-89.67387613
LaGrange,USGS Kingston Mines,5568500,pH,1994 to 2017,474,0.2,0.000849,0.281,,0.0337,3.37,increasing,0.051,1.2,0.00927,8.06,8.08,SU,0.58,upward likely,71.6,low,,-0.73,,,,,,,,40.55398308,-89.67387613
LaGrange,USGS Kingston Mines,5568500,Total Phosphorus,1994 to 2017,393,0,-0.0202,0.469,0.807,0.262,26.7,no clear trend,0.67,15,0.022,0.346,0.354,mg/L,0.71,about as likely as not,63.7,,increasing,0.73,17,0.4102 10^6,kg/yr,0.63,upward likely,67.6,low,40.55398308,-89.67387613
LaGrange,USGS Kingston Mines,5568500,Conductivity,1994 to 2017,478,0,-0.0104,0.682,,0.1,10,increasing,0.5,11,74.8,756,788,uS/cm,0.039,upward highly likely,99,high,,0.73,,,,,,,,40.55398308,-89.67387613
LaGrange,USGS Kingston Mines,5568500,Sulfate,1995 to 2000,75,0,0.000579,0.656,0.953,0.136,13.6,no clear trend,0.25,1.3,0.769,76.1,70.6,mg/L,0.69,about as likely as not,34.3,,no clear trend,0.63,3.2,26.99 10^6,kg/yr,0.94,about as likely as not,46.1,,40.55398308,-89.67387613
LaGrange,USGS Kingston Mines,5568500,Total Suspended Solids,1994 to 2017,471,0,-0.087,0.165,0.679,0.548,59.2,decreasing,-0.72,-17,-18.8,60.4,57.2,mg/L,0.087,downward highly likely,95.5,high,decreasing,-0.19,-4.4,-186.2 10^6,kg/yr,0.51,downward likely,74.8,low,40.55398308,-89.67387613
LaGrange,USGS Kingston Mines,5568500,Turbidity,1994 to 2017,478,0,-0.047,0.198,,0.472,50,decreasing,0.0064,0.15,-7.27,58.7,55.8,NTUs,0.4,downward likely,79.4,low,,-0.19,,,,,,,,40.55398308,-89.67387613
LaGrange,USGS Kingston Mines,5568500,Total Nitrogen,1994 to 2017,403,0,0.0104,0.77,0.968,0.174,17.5,decreasing,-0.62,-14,-0.873,4.32,4.13,mg/L,0.037,downward highly likely,99.1,high,decreasing,-0.49,-11,-13.98 10^6,kg/yr,0.045,downward highly likely,97.2,high,40.55398308,-89.67387613
LD11,USGS Clinton,5420500,Total Aluminum,2001 to 2018,73,6.8,0.0838,0.414,,0.68,76.7,decreasing,-0.71,-12,-50.5,298,274,ug/L,0.48,downward likely,75.5,low,,-0.49,,,,,,,,42.5408333,-90.645
LD11,USGS Clinton,5420500,Total Arsenic,2001 to 2018,75,41.3,0.142,-0.137,,1.19,177,decreasing,-2.4,-40,-0.343,1.27,1.22,ug/L,0.53,downward likely,73.5,low,,-0.49,,,,,,,,42.5408333,-90.645
LD11,USGS Clinton,5420500,Chloride,2001 to 2018,74,0,-0.00684,0.254,0.877,0.179,18,increasing,0.54,9.1,1.39,17.9,18.7,mg/L,0.22,upward likely,89.6,low,increasing,0.56,9.5,72.14 10^6,kg/yr,0.3,upward likely,85.8,low,42.5408333,-90.645
LD11,USGS Clinton,5420500,Chlorophyll-a,2001 to 2018,70,0,0.164,0.0155,,1.12,158,decreasing,-1.1,-19,-7.89,18.3,27,ug/L,0.43,downward likely,79.4,low,,0.56,,,,,,,,42.5408333,-90.645
LD11,USGS Clinton,5420500,Total Copper,2001 to 2018,77,50.6,-0.116,0.164,,0.711,81.1,decreasing,-3.2,-54,-1.95,1.79,1.81,ug/L,0.08,downward highly likely,95.5,high,,0.56,,,,,,,,42.5408333,-90.645
LD11,USGS Clinton,5420500,Dissolved Oxygen,2001 to 2018,73,0,0.00582,0.65,0.908,0.169,17,no clear trend,0.018,0.31,0.0368,10.6,11.2,mg/L,0.98,about as likely as not,50,,no clear trend,0.0054,0.092,3.087 10^6,kg/yr,0.86,about as likely as not,44.1,,42.5408333,-90.645
LD11,USGS Clinton,5420500,Total Lead,2001 to 2018,77,59.7,0.0048,0.115,,1.74,443,no clear trend,9.6,163,2.13,2.426,1.847,ug/L,0.71,about as likely as not,63.7,,,0.0054,,,,,,,,42.5408333,-90.645
LD11,USGS Clinton,5420500,Inorganic Nitrogen,2001 to 2018,75,4,0.144,0.405,0.686,0.811,96.5,increasing,1.7,29,0.541,2.96,2.43,mg/L,0.26,upward likely,87.3,low,increasing,1.3,23,34.32 10^6,kg/yr,0.2,upward likely,89.2,low,42.5408333,-90.645
LD11,USGS Clinton,5420500,pH,2001 to 2018,75,0,-0.000809,-0.0328,,0.0557,5.57,decreasing,-0.14,-2.3,-0.164,7.75,7.86,SU,0.34,downward likely,83.3,low,,1.3,,,,,,,,42.5408333,-90.645
LD11,USGS Clinton,5420500,Total Phosphorus,2001 to 2018,68,0,0.0249,0.342,0.796,0.391,40.7,increasing,0.41,6.9,0.0142,0.137,0.127,mg/L,0.59,upward likely,71.6,low,no clear trend,0.2,3.5,0.547 10^6,kg/yr,0.76,about as likely as not,61.8,,42.5408333,-90.645
LD11,USGS Clinton,5420500,Conductivity,2001 to 2018,76,0,-0.00799,-0.0261,,0.156,15.7,increasing,1,17,51,425,425,uS/cm,0.039,upward highly likely,99,high,,0.2,,,,,,,,42.5408333,-90.645
LD11,USGS Clinton,5420500,Sulfate,2001 to 2018,61,3.3,0.0943,-0.0343,0.465,0.667,74.9,increasing,2.8,48,9.45,30.4,31.3,mg/L,0.039,upward highly likely,97.2,high,increasing,3,51,548.1 10^6,kg/yr,0.037,upward highly likely,99.1,high,42.5408333,-90.645
LD11,USGS Clinton,5420500,Total Suspended Solids,2001 to 2018,69,1.4,0.0397,0.45,0.727,0.733,84.3,increasing,1.4,24,4.81,48.7,36.4,mg/L,0.47,upward likely,77.5,low,increasing,2.2,38,621.2 10^6,kg/yr,0.33,upward likely,83.3,low,42.5408333,-90.645
LD11,USGS Clinton,5420500,Turbidity,2001 to 2017,68,0,0.0604,0.352,,0.541,58.4,no clear trend,0.71,11,1.29,23,19.3,NTUs,0.7,about as likely as not,65.7,,,2.2,,,,,,,,42.5408333,-90.645
LD11,USGS Clinton,5420500,Total Zinc,2001 to 2018,75,30.7,-0.478,0.0711,,0.984,128,increasing,2.2,38,6.62,16.89,20.09,ug/L,0.46,upward likely,77.5,low,,2.2,,,,,,,,42.5408333,-90.645
LD15,USGS Clinton,5420500,Total Aluminum,2000 to 2018,125,1.6,0.024,0.511,,0.625,69.2,decreasing,-1.5,-26,-103,441,340,ug/L,0.22,downward likely,89.2,low,,2.2,,,,,,,,41.5192,-90.56695
LD15,USGS Clinton,5420500,Ammonia,2006 to 2018,101,45.5,0.173,-0.0539,0.093,1.42,256,increasing,11,129,0.13,0.1564,0.1772,mg/L,0.077,upward highly likely,96.5,high,increasing,10,121,6.375 10^6,kg/yr,0.049,upward highly likely,97.5,high,41.5192,-90.56695
LD15,USGS Clinton,5420500,Total Arsenic,2000 to 2018,122,50,0.0369,0.0508,,0.971,125,decreasing,-2.3,-42,-0.659,1.21,1.11,ug/L,0.12,downward very likely,94.6,moderate,,10,,,,,,,,41.5192,-90.56695
LD15,USGS Clinton,5420500,Chloride,2000 to 2018,124,0,-0.00476,0.57,0.928,0.137,13.8,increasing,0.57,10,1.35,17.3,18.1,mg/L,0.07,upward highly likely,97.2,high,increasing,0.76,14,99.99 10^6,kg/yr,0.059,upward highly likely,97.2,high,41.5192,-90.56695
LD15,USGS Clinton,5420500,Chlorophyll-a,2002 to 2018,103,1,0.229,0.0849,,1.09,151,decreasing,-2.5,-40,-10.1,15.9,17.4,ug/L,0.59,downward likely,69.6,low,,0.76,,,,,,,,41.5192,-90.56695
LD15,USGS Clinton,5420500,Total Copper,2000 to 2018,129,51.2,-0.0838,0.197,,0.803,95.2,no clear trend,0.24,4.3,-0.446,1.96,1.86,ug/L,0.91,about as likely as not,46.1,,,0.76,,,,,,,,41.5192,-90.56695
LD15,USGS Clinton,5420500,Dissolved Oxygen,2000 to 2018,126,0,0.0027,0.767,0.938,0.148,14.9,no clear trend,0.044,0.79,-0.022,10.4,10.6,mg/L,0.94,about as likely as not,46.1,,no clear trend,0.1,1.9,7.432 10^6,kg/yr,0.73,about as likely as not,63.7,,41.5192,-90.56695
LD15,USGS Clinton,5420500,Fecal Coliform,2001 to 2018,61,1.6,0.117,0.0862,,1.29,208,decreasing,-3.3,-56,-95.2,101,79.6,#/100mL,0.38,downward likely,81.4,low,,0.1,,,,,,,,41.5192,-90.56695
LD15,USGS Clinton,5420500,Total Lead,2000 to 2018,125,51.2,0.0384,0.293,,1.13,161,increasing,23,410,2.95,3.723,3.695,ug/L,0.039,upward highly likely,99,high,,0.1,,,,,,,,41.5192,-90.56695
LD15,USGS Clinton,5420500,Inorganic Nitrogen,2000 to 2018,124,0,0.0592,0.435,0.754,0.573,62.4,increasing,0.91,16,0.239,2.16,1.79,mg/L,0.36,upward likely,81.4,low,increasing,0.68,12,14.94 10^6,kg/yr,0.27,upward likely,87.3,low,41.5192,-90.56695
LD15,USGS Clinton,5420500,pH,2000 to 2018,127,0,0.00144,0.219,,0.0491,4.91,decreasing,-0.19,-3.4,-0.23,7.68,7.8,SU,0.059,downward highly likely,97.2,high,,0.68,,,,,,,,41.5192,-90.56695
LD15,USGS Clinton,5420500,Total Phosphorus,2000 to 2018,120,0,0.001,0.357,0.838,0.372,38.6,no clear trend,-0.088,-1.6,-0.00335,0.146,0.131,mg/L,0.88,about as likely as not,44.1,,decreasing,-0.3,-5.5,-0.4852 10^6,kg/yr,0.53,downward likely,73.5,low,41.5192,-90.56695
LD15,USGS Clinton,5420500,Conductivity,2000 to 2018,128,0,-0.007,0.258,,0.128,12.9,increasing,1,18,48.4,417,418,uS/cm,0.039,upward highly likely,99,high,,-0.3,,,,,,,,41.5192,-90.56695
LD15,USGS Clinton,5420500,Sulfate,2000 to 2018,116,6.9,0.129,0.102,0.55,0.722,82.8,increasing,2,35,6.43,32.4,29.7,mg/L,0.17,upward very likely,91.3,moderate,increasing,2.8,50,545.3 10^6,kg/yr,0.033,upward highly likely,97.6,high,41.5192,-90.56695
LD15,USGS Clinton,5420500,Total Suspended Solids,2000 to 2018,121,0.8,0.123,0.632,0.852,0.543,58.5,decreasing,-0.7,-13,-7.78,51.1,38.9,mg/L,0.46,downward likely,77.5,low,decreasing,-0.79,-14,-631.2 10^6,kg/yr,0.52,downward likely,73.5,low,41.5192,-90.56695
LD15,USGS Clinton,5420500,Turbidity,2000 to 2017,116,0,0.0561,0.573,,0.519,55.6,decreasing,-0.45,-7.7,-3.85,29.2,22.6,NTUs,0.6,downward likely,69.6,low,,-0.79,,,,,,,,41.5192,-90.56695
LD15,USGS Clinton,5420500,Total Zinc,2000 to 2018,118,23.7,-0.123,0.0396,,0.979,127,no clear trend,-0.98,-18,-0.567,13.74,12.9,ug/L,0.94,about as likely as not,52,,,-0.79,,,,,,,,41.5192,-90.56695
LD17,USGS Clinton,5420500,Total Aluminum,2000 to 2018,82,2.4,0.0318,0.422,,0.715,81.6,no clear trend,-0.42,-7.6,88.3,777,679,ug/L,0.83,about as likely as not,57.8,,,-0.79,,,,,,,,41.19111,-91.0593
LD17,USGS Clinton,5420500,Total Arsenic,2000 to 2018,76,47.4,0.109,-0.124,,1.17,172,decreasing,-2.1,-38,-0.656,1.524,1.42,ug/L,0.41,downward likely,79.4,low,,-0.79,,,,,,,,41.19111,-91.0593
LD17,USGS Clinton,5420500,Chloride,2000 to 2018,74,0,0.00541,0.433,0.937,0.134,13.5,increasing,1.1,19,3.7,27.1,27.9,mg/L,0.039,upward highly likely,99,high,increasing,1.2,21,246.5 10^6,kg/yr,0.039,upward highly likely,99,high,41.19111,-91.0593
LD17,USGS Clinton,5420500,Total Copper,2000 to 2018,80,51.2,-0.264,0.0105,,0.813,96.8,increasing,0.92,17,0.523,2.56,2.55,ug/L,0.46,upward likely,77.5,low,,1.2,,,,,,,,41.19111,-91.0593
LD17,USGS Clinton,5420500,Dissolved Oxygen,2000 to 2018,83,0,-0.001,0.732,0.939,0.129,12.9,no clear trend,0.0076,0.14,0.063,10.3,10.7,mg/L,0.8,about as likely as not,59.8,,no clear trend,0.098,1.8,9.11 10^6,kg/yr,0.72,about as likely as not,63.7,,41.19111,-91.0593
LD17,USGS Clinton,5420500,Total Lead,2000 to 2018,79,48.1,-0.0631,0.146,,0.995,130,increasing,14,250,1.68,2.425,2.279,ug/L,0.05,upward highly likely,96.9,high,,0.098,,,,,,,,41.19111,-91.0593
LD17,USGS Clinton,5420500,Inorganic Nitrogen,2000 to 2018,76,1.3,0.076,0.408,0.71,0.635,70.5,decreasing,-0.87,-16,-0.506,2.82,2.31,mg/L,0.2,downward likely,90,low,decreasing,-0.75,-13,-27.93 10^6,kg/yr,0.45,downward likely,77.3,low,41.19111,-91.0593
LD17,USGS Clinton,5420500,pH,2000 to 2018,83,0,-0.000798,0.0369,,0.0494,4.95,no clear trend,0.018,0.32,0.018,7.85,8.02,SU,0.74,about as likely as not,63.7,,,-0.75,,,,,,,,41.19111,-91.0593
LD17,USGS Clinton,5420500,Total Phosphorus,2000 to 2018,72,0,0.00102,0.264,0.75,0.404,42.2,increasing,1.5,28,0.0498,0.224,0.209,mg/L,0.25,upward likely,87.3,low,increasing,1.3,24,3.254 10^6,kg/yr,0.38,upward likely,81.4,low,41.19111,-91.0593
LD17,USGS Clinton,5420500,Conductivity,2000 to 2018,83,0,-0.00193,0.214,,0.109,10.9,increasing,0.59,11,35.4,493,489,uS/cm,0.039,upward highly likely,99,high,,1.3,,,,,,,,41.19111,-91.0593
LD17,USGS Clinton,5420500,Sulfate,2000 to 2018,72,5.6,0.122,-0.0753,0.414,0.656,73.3,increasing,2.2,40,5.31,34.4,30.8,mg/L,0.22,upward likely,89.6,low,increasing,4.4,79,726 10^6,kg/yr,0.038,upward highly likely,99.1,high,41.19111,-91.0593
LD17,USGS Clinton,5420500,Total Suspended Solids,2000 to 2018,71,1.4,0.0722,0.457,0.744,0.643,71.6,increasing,0.62,11,8.25,72.6,60.3,mg/L,0.54,upward likely,73.5,low,no clear trend,0.043,0.78,398.1 10^6,kg/yr,0.69,about as likely as not,65.7,,41.19111,-91.0593
LD17,USGS Clinton,5420500,Turbidity,2000 to 2018,78,0,0.0178,0.38,,0.601,65.9,decreasing,-1.6,-28,-11.1,48.2,40.4,NTUs,0.48,downward likely,75.5,low,,0.043,,,,,,,,41.19111,-91.0593
LD17,USGS Clinton,5420500,Total Zinc,2000 to 2018,80,32.5,-0.506,-0.0244,,1.04,140,increasing,1.3,23,10.9,17.81,18.37,ug/L,0.22,upward likely,89.6,low,,0.043,,,,,,,,41.19111,-91.0593
LD19,USGS Keokuk,5474500,Total Aluminum,1989 to 2018,164,3,0.0211,0.563,,0.628,69.6,decreasing,-1.7,-50,-755,1086,902,ug/L,0.12,downward very likely,94.6,moderate,,0.043,,,,,,,,40.38711,-91.38724
LD19,USGS Keokuk,5474500,Total Arsenic,1989 to 2018,159,49.7,0.0443,0.168,,0.71,81,increasing,1.4,40,0.562,1.84,1.76,ug/L,0.27,upward likely,87.3,low,,0.043,,,,,,,,40.38711,-91.38724
LD19,USGS Keokuk,5474500,Chloride,1989 to 2018,158,0,-0.00285,0.506,0.898,0.167,16.8,increasing,1,29,4.94,21.6,23.4,mg/L,0.039,upward highly likely,99,high,increasing,0.89,26,328.5 10^6,kg/yr,0.039,upward highly likely,99,high,40.38711,-91.38724
LD19,USGS Keokuk,5474500,Chlorophyll-a,2001 to 2018,69,1.4,0.1,-0.126,,1.13,160,increasing,1.6,27,7.48,23.4,30.6,ug/L,0.56,upward likely,71.6,low,,0.89,,,,,,,,40.38711,-91.38724
LD19,USGS Keokuk,5474500,Total Copper,1989 to 2018,166,69.9,-0.361,0.25,,1.12,158,no clear trend,-0.021,-0.6,-0.0289,2.48,2.18,ug/L,0.86,about as likely as not,42.2,,,0.89,,,,,,,,40.38711,-91.38724
LD19,USGS Keokuk,5474500,Dissolved Oxygen,1989 to 2018,171,0,0.0087,0.818,0.95,0.147,14.8,no clear trend,-0.047,-1.3,0.0545,9.9,10,mg/L,0.81,about as likely as not,59.8,,decreasing,-0.17,-4.9,-23.28 10^6,kg/yr,0.41,downward likely,79.4,low,40.38711,-91.38724
LD19,USGS Keokuk,5474500,Fecal Coliform,1989 to 2018,119,0.8,0.169,0.163,,1.27,200,decreasing,-3,-87,-541,142.4,79.5,#/100mL,0.26,downward likely,87.3,low,,-0.17,,,,,,,,40.38711,-91.38724
LD19,USGS Keokuk,5474500,Total Lead,1989 to 2018,165,77.6,-0.131,0.703,,1.15,166,increasing,0.2,5.8,1.1,2.657,2.28,ug/L,0.62,upward likely,69.6,low,,-0.17,,,,,,,,40.38711,-91.38724
LD19,USGS Keokuk,5474500,Inorganic Nitrogen,1989 to 2018,162,0,0.0579,0.536,0.813,0.538,57.9,no clear trend,0.093,2.7,0.0455,3.29,2.54,mg/L,0.85,about as likely as not,42.2,,no clear trend,0.078,2.3,1.686 10^6,kg/yr,0.96,about as likely as not,48,,40.38711,-91.38724
LD19,USGS Keokuk,5474500,pH,1989 to 2018,169,0,-0.0015,0.221,,0.0547,5.47,no clear trend,-0.052,-1.5,-0.026,7.76,7.91,SU,0.73,about as likely as not,36.3,,,0.078,,,,,,,,40.38711,-91.38724
LD19,USGS Keokuk,5474500,Total Phosphorus,1989 to 2018,162,0,-0.0026,0.458,0.861,0.36,37.2,decreasing,-0.42,-12,-0.0252,0.239,0.216,mg/L,0.43,downward likely,77.5,low,no clear trend,-0.52,-15,-2.003 10^6,kg/yr,0.75,about as likely as not,38.2,,40.38711,-91.38724
LD19,USGS Keokuk,5474500,Conductivity,2000 to 2018,94,0,-0.0081,0.229,,0.131,13.2,increasing,0.82,15,51.8,445,449,uS/cm,0.039,upward highly likely,99,high,,-0.52,,,,,,,,40.38711,-91.38724
LD19,USGS Keokuk,5474500,Sulfate,2000 to 2018,81,7.4,0.0719,-0.0533,0.561,0.564,61.2,increasing,0.88,16,3.31,28.9,27.5,mg/L,0.29,upward likely,86.1,low,increasing,1.8,33,519.7 10^6,kg/yr,0.063,upward highly likely,97.2,high,40.38711,-91.38724
LD19,USGS Keokuk,5474500,Total Suspended Solids,1989 to 2018,157,0,0.0156,0.546,0.786,0.678,76.4,decreasing,-1.6,-47,-41,85.1,68.1,mg/L,0.21,downward likely,89.2,low,decreasing,-1.7,-51,-4556 10^6,kg/yr,0.42,downward likely,79.4,low,40.38711,-91.38724
LD19,USGS Keokuk,5474500,Turbidity,2000 to 2018,85,0,-0.0218,0.437,,0.598,65.5,increasing,2,36,8.02,58.1,44.6,NTUs,0.41,upward likely,79.4,low,,-1.7,,,,,,,,40.38711,-91.38724
LD19,USGS Keokuk,5474500,Total Zinc,1989 to 2018,166,63.9,-0.852,0.269,,0.783,92,decreasing,-1.8,-54,-11.2,11.42,9.66,ug/L,0.66,downward likely,67.6,low,,-1.7,,,,,,,,40.38711,-91.38724
LD21,USGS Keokuk,5474500,Total Aluminum,2000 to 2018,78,0,-0.0741,0.573,,0.65,72.4,decreasing,-2.5,-45,-654,975,732,ug/L,0.21,downward likely,90,low,,-1.7,,,,,,,,39.90391,-91.43064
LD21,USGS Keokuk,5474500,Total Arsenic,2000 to 2018,69,43.5,0.352,-0.063,,1.6,344,no clear trend,-2.7,-48,-1.16,2.07,1.76,ug/L,0.8,about as likely as not,40.2,,,-1.7,,,,,,,,39.90391,-91.43064
LD21,USGS Keokuk,5474500,Chloride,2000 to 2018,74,0,-0.00791,0.526,0.945,0.133,13.4,increasing,1.5,27,4.68,22.8,24,mg/L,0.039,upward highly likely,99,high,increasing,1.4,26,381.4 10^6,kg/yr,0.039,upward highly likely,99,high,39.90391,-91.43064
LD21,USGS Keokuk,5474500,Total Copper,2000 to 2018,79,45.6,-0.102,-0.00566,,0.844,102,decreasing,-1.4,-25,-1.56,2.87,1.92,ug/L,0.34,downward likely,83.3,low,,1.4,,,,,,,,39.90391,-91.43064
LD21,USGS Keokuk,5474500,Dissolved Oxygen,2000 to 2018,81,0,0.0077,0.789,0.963,0.132,13.3,increasing,0.53,9.5,0.835,10.6,10.63,mg/L,0.082,upward highly likely,95.5,high,increasing,0.56,10,76.02 10^6,kg/yr,0.035,upward highly likely,98.5,high,39.90391,-91.43064
LD21,USGS Keokuk,5474500,Total Lead,2000 to 2018,79,51.9,0.0457,0.164,,1.4,248,increasing,15,267,2.57,3.372,3.104,ug/L,0.29,upward likely,85.3,low,,0.56,,,,,,,,39.90391,-91.43064
LD21,USGS Keokuk,5474500,Inorganic Nitrogen,2000 to 2018,74,0,0.0225,0.568,0.858,0.418,43.7,decreasing,-1.2,-22,-0.738,2.52,2.12,mg/L,0.14,downward very likely,93.6,moderate,decreasing,-1.4,-26,-88.75 10^6,kg/yr,0.069,downward highly likely,96.5,high,39.90391,-91.43064
LD21,USGS Keokuk,5474500,pH,2000 to 2018,80,0,0.000924,0.064,,0.0573,5.73,decreasing,-0.054,-0.97,-0.0962,7.75,7.84,SU,0.57,downward likely,71.6,low,,-1.4,,,,,,,,39.90391,-91.43064
LD21,USGS Keokuk,5474500,Total Phosphorus,2000 to 2018,72,0,-0.0283,0.331,0.843,0.395,41.1,no clear trend,-0.16,-2.8,-0.00203,0.237,0.203,mg/L,0.89,about as likely as not,44.1,,no clear trend,-0.042,-0.76,0.5582 10^6,kg/yr,0.87,about as likely as not,55.9,,39.90391,-91.43064
LD21,USGS Keokuk,5474500,Conductivity,2000 to 2018,80,0,-0.00736,0.192,,0.125,12.6,increasing,1.1,20,56.7,460,459,uS/cm,0.037,upward highly likely,99.1,high,,-0.042,,,,,,,,39.90391,-91.43064
LD21,USGS Keokuk,5474500,Sulfate,2000 to 2018,69,13,0.148,-0.0425,0.416,0.89,110,increasing,4,72,10.8,33.2,30.2,mg/L,0.063,upward highly likely,97.2,high,increasing,5.8,104,1272 10^6,kg/yr,0.037,upward highly likely,99.1,high,39.90391,-91.43064
LD21,USGS Keokuk,5474500,Total Suspended Solids,2000 to 2018,70,0,-0.00185,0.617,0.848,0.57,61.9,decreasing,-1.8,-32,-36.9,106.3,74.9,mg/L,0.19,downward very likely,91.1,moderate,decreasing,-2,-36,-6396 10^6,kg/yr,0.28,downward likely,86.3,low,39.90391,-91.43064
LD21,USGS Keokuk,5474500,Turbidity,2000 to 2018,69,0,0.0553,0.392,,0.581,63.3,decreasing,-2.2,-40,-24.9,51.7,39.6,NTUs,0.18,downward very likely,90.6,moderate,,-2,,,,,,,,39.90391,-91.43064
LD21,USGS Keokuk,5474500,Total Zinc,2000 to 2018,74,27,-0.297,0.217,,0.8,94.6,decreasing,-1.6,-29,-2.84,12.83,10.2,ug/L,0.34,downward likely,83.3,low,,-2,,,,,,,,39.90391,-91.43064
LD24,USGS Keokuk,5474500,Total Aluminum,2000 to 2018,78,0,-0.151,0.479,,0.778,91.2,decreasing,-2.4,-43,-568,957,749,ug/L,0.22,downward likely,89.2,low,,-2,,,,,,,,39.3736111,-90.9058333
LD24,USGS Keokuk,5474500,Total Arsenic,2000 to 2018,71,35.2,0.173,0.114,,1.05,142,decreasing,-1.8,-33,-0.457,2.006,1.57,ug/L,0.48,downward likely,75.5,low,,-2,,,,,,,,39.3736111,-90.9058333
LD24,USGS Keokuk,5474500,Chloride,2000 to 2018,74,0,-0.0065,0.466,0.916,0.161,16.2,increasing,1.4,26,4.39,22.2,24,mg/L,0.039,upward highly likely,99,high,increasing,1.4,25,368.5 10^6,kg/yr,0.039,upward highly likely,99,high,39.3736111,-90.9058333
LD24,USGS Keokuk,5474500,Chlorophyll-a,2001 to 2018,65,0,-0.0431,0.154,,0.862,105,increasing,6.8,116,21.4,26.9,38.3,ug/L,0.039,upward highly likely,99,high,,1.4,,,,,,,,39.3736111,-90.9058333
LD24,USGS Keokuk,5474500,Total Copper,2000 to 2018,79,41.8,-0.158,0.061,,0.84,101,decreasing,-2.6,-48,-2.63,2.51,2.05,ug/L,0.27,downward likely,87.3,low,,1.4,,,,,,,,39.3736111,-90.9058333
LD24,USGS Keokuk,5474500,Dissolved Oxygen,2000 to 2018,81,0,0.00739,0.823,0.96,0.124,12.5,increasing,0.62,11,0.917,10.21,10.89,mg/L,0.025,upward highly likely,99.4,high,increasing,0.46,8.2,53.72 10^6,kg/yr,0.07,upward highly likely,96.9,high,39.3736111,-90.9058333
LD24,USGS Keokuk,5474500,Total Lead,2000 to 2018,77,53.2,0.057,0.228,,1.34,225,increasing,2.7,49,1.35,2.756,2.17,ug/L,0.61,upward likely,69.6,low,,0.46,,,,,,,,39.3736111,-90.9058333
LD24,USGS Keokuk,5474500,Inorganic Nitrogen,2000 to 2018,75,0,0.0337,0.566,0.836,0.496,52.8,decreasing,-0.67,-12,-0.443,3.09,2.53,mg/L,0.46,downward likely,77.5,low,decreasing,-0.74,-13,-50.72 10^6,kg/yr,0.55,downward likely,71.6,low,39.3736111,-90.9058333
LD24,USGS Keokuk,5474500,pH,2000 to 2018,79,0,0.00381,0.391,,0.0468,4.68,decreasing,-0.11,-2.1,-0.183,7.7,7.87,SU,0.22,downward likely,89.2,low,,-0.74,,,,,,,,39.3736111,-90.9058333
LD24,USGS Keokuk,5474500,Total Phosphorus,2000 to 2018,75,0,-0.0206,0.302,0.823,0.428,44.8,decreasing,-0.78,-14,-0.0218,0.239,0.204,mg/L,0.56,downward likely,71.6,low,no clear trend,-0.45,-8.1,-0.6168 10^6,kg/yr,0.86,about as likely as not,42.2,,39.3736111,-90.9058333
LD24,USGS Keokuk,5474500,Conductivity,2000 to 2018,80,0,-0.00496,0.171,,0.151,15.2,increasing,1.2,22,66.5,455,462,uS/cm,0.039,upward highly likely,99,high,,-0.45,,,,,,,,39.3736111,-90.9058333
LD24,USGS Keokuk,5474500,Sulfate,2000 to 2018,71,7,0.0701,0.0215,0.562,0.674,75.9,increasing,2.7,48,8.96,32.2,29.7,mg/L,0.11,upward very likely,94.6,moderate,increasing,4,72,1186 10^6,kg/yr,0.02,upward highly likely,99.5,high,39.3736111,-90.9058333
LD24,USGS Keokuk,5474500,Total Suspended Solids,2000 to 2018,71,0,-0.039,0.541,0.816,0.604,66.4,decreasing,-1.9,-35,-39.4,93.2,70.3,mg/L,0.18,downward very likely,90.5,moderate,decreasing,-1.6,-28,-5133 10^6,kg/yr,0.32,downward likely,83.6,low,39.3736111,-90.9058333
LD24,USGS Keokuk,5474500,Turbidity,2000 to 2017,72,0,-0.024,0.449,,0.661,74,decreasing,-1.7,-29,-17.1,59.4,48.3,NTUs,0.3,downward likely,85.3,low,,-1.6,,,,,,,,39.3736111,-90.9058333
LD24,USGS Keokuk,5474500,Total Zinc,2000 to 2018,74,29.7,-0.248,0.385,,0.807,95.9,decreasing,-2.4,-43,-8.73,11.82,8.94,ug/L,0.22,downward likely,89.8,low,,-1.6,,,,,,,,39.3736111,-90.9058333
LD9,USACE LD9,,Ammonia,1989 to 2018,262,9.9,0.0116,,,,,no clear trend,0.76,22,0.00654,0.0927,0.0918,mg/L,0.77,about as likely as not,61.8,,no clear trend,-0.26,-7.7,-0.6638 10^6,kg/yr,0.77,about as likely as not,38.2,,43.211098,-91.099594
LD9,USACE LD9,,Chloride,1989 to 2018,309,0,-0.00919,0.68,0.94,0.141,14.2,increasing,1.4,42,5.93,18.4,19.8,mg/L,0.039,upward highly likely,99,high,increasing,1.3,38,209.8 10^6,kg/yr,0.039,upward highly likely,99,high,43.211098,-91.099594
LD9,USACE LD9,,Chlorophyll-a,1991 to 2018,290,0,0.248,0.297,,1.15,165,decreasing,-2,-54,-23,13.5,22.1,ug/L,0.037,downward highly likely,99.1,high,,1.3,,,,,,,,43.211098,-91.099594
LD9,USACE LD9,,Dissolved Oxygen,1989 to 2018,318,0,0.00495,0.722,0.932,0.171,17.2,increasing,0.14,3.9,0.226,10.3,11.1,mg/L,0.55,upward likely,71.6,low,increasing,0.097,2.8,5.371 10^6,kg/yr,0.62,upward likely,69.6,low,43.211098,-91.099594
LD9,USACE LD9,,Inorganic Nitrogen,1989 to 2018,328,1.5,0.0686,,,,,increasing,0.95,27,0.336,2.477,2.02,mg/L,0.37,upward likely,81.4,low,increasing,0.72,21,13.46 10^6,kg/yr,0.41,upward likely,79.4,low,43.211098,-91.099594
LD9,USACE LD9,,pH,1989 to 2018,309,0,0.00108,0.283,,0.0447,4.47,increasing,0.19,5.5,0.32,7.95,8.11,SU,0.039,upward highly likely,99,high,,0.72,,,,,,,,43.211098,-91.099594
LD9,USACE LD9,,Total Phosphorus,1989 to 2018,314,0,0.0113,0.701,0.933,0.239,24.2,decreasing,-1.5,-44,-0.0718,0.111,0.102,mg/L,0.039,downward highly likely,99,high,decreasing,-1.4,-41,-2.885 10^6,kg/yr,0.039,downward highly likely,99,high,43.211098,-91.099594
LD9,USACE LD9,,Conductivity,1989 to 2018,313,0,-0.0128,0.352,,0.138,13.9,increasing,0.53,15,36.7,415,419,uS/cm,0.078,upward highly likely,96.5,high,,-1.4,,,,,,,,43.211098,-91.099594
LD9,USACE LD9,,Total Suspended Solids,1989 to 2018,316,0,0.0802,0.675,0.849,0.574,62.4,decreasing,-2.3,-66,-25.3,19,16.5,mg/L,0.039,downward highly likely,99,high,decreasing,-2.3,-65,-1262 10^6,kg/yr,0.039,downward highly likely,99,high,43.211098,-91.099594
LD9,USACE LD9,,Total Nitrogen,1989 to 2018,318,0,0.0016,0.419,0.88,0.322,33,increasing,0.49,14,0.292,3.18,2.82,mg/L,0.23,upward likely,89.2,low,increasing,0.4,12,13.13 10^6,kg/yr,0.35,upward likely,83.3,low,43.211098,-91.099594
OpenRiver,USGS Thebes,7022000,Total Aluminum,1989 to 2018,180,1.1,0.203,0.27,,1,132,decreasing,-2.8,-82,-6484,1536,1331,ug/L,0.064,downward highly likely,97.4,high,,0.4,,,,,,,,37.21652,-89.466
OpenRiver,USGS Thebes,7022000,Ammonia,1994 to 2018,523,5.4,-0.0136,0.689,0.759,0.441,46.4,decreasing,-2.2,-53,-0.0624,0.0461,0.0473,mg/L,0.039,downward highly likely,99,high,decreasing,-2,-48,-11.97 10^6,kg/yr,0.039,downward highly likely,99,high,37.21652,-89.466
OpenRiver,USGS Thebes,7022000,Total Arsenic,1989 to 2018,113,23,0.0153,0.261,,0.51,54.5,decreasing,0.65,19,-0.651,3.2,2.94,ug/L,0.2,downward likely,89.2,low,,-2,,,,,,,,37.21652,-89.466
OpenRiver,USGS Thebes,7022000,Chloride,1989 to 2018,174,0,-0.006,0.67,0.84,0.18,18.1,increasing,1.7,48,8.78,29.1,30.9,mg/L,0.068,upward highly likely,97.2,high,increasing,1.8,51,1945 10^6,kg/yr,0.055,upward highly likely,97.2,high,37.21652,-89.466
OpenRiver,USGS Thebes,7022000,Chlorophyll-a,1994 to 2018,512,0.2,0.0196,0.614,,0.385,39.9,increasing,2.2,54,7.99,18.4,24,ug/L,0.039,upward highly likely,99,high,,1.8,,,,,,,,37.21652,-89.466
OpenRiver,USGS Thebes,7022000,Total Copper,1989 to 2018,184,42.4,0.0908,0.426,,0.974,126,decreasing,-2.6,-75,-11.4,4.79,4.18,ug/L,0.039,downward highly likely,99,high,,1.8,,,,,,,,37.21652,-89.466
OpenRiver,USGS Thebes,7022000,Dissolved Oxygen,1989 to 2018,710,1.3,0.0131,0.488,0.76,0.277,28.3,increasing,0.26,7.5,0.429,9.43,9.67,mg/L,0.17,upward very likely,91.2,moderate,increasing,0.37,11,109.9 10^6,kg/yr,0.22,upward likely,88.5,low,37.21652,-89.466
OpenRiver,USGS Thebes,7022000,Fecal Coliform,1989 to 2018,99,1,0.354,,,,,no clear trend,-3.3,-97,-18784,513,474,#/100mL,0.81,about as likely as not,40.2,,,0.37,,,,,,,,37.21652,-89.466
OpenRiver,USGS Thebes,7022000,Total Lead,1989 to 2018,161,49.1,-0.0133,0.366,,1.28,204,decreasing,-3,-88,-28.9,4.31,3.94,ug/L,0.18,downward very likely,91.3,moderate,,0.37,,,,,,,,37.21652,-89.466
OpenRiver,USGS Thebes,7022000,Inorganic Nitrogen,1989 to 2018,565,0,0.00506,0.577,0.862,0.328,33.7,increasing,0.86,25,0.404,2.89,2.6,mg/L,0.12,upward very likely,93.6,moderate,increasing,0.98,28,110.2 10^6,kg/yr,0.073,upward highly likely,96.5,high,37.21652,-89.466
OpenRiver,USGS Thebes,7022000,pH,1989 to 2018,710,0,0.000833,0.267,,0.0319,3.19,no clear trend,-0.041,-1.2,-0.011,7.87,7.95,SU,0.92,about as likely as not,53.9,,,0.98,,,,,,,,37.21652,-89.466
OpenRiver,USGS Thebes,7022000,Total Phosphorus,1989 to 2018,562,0,0.00308,0.432,0.879,0.285,29.1,decreasing,-0.57,-16,-0.0169,0.299,0.264,mg/L,0.49,downward likely,75.5,low,decreasing,-0.72,-21,-9.017 10^6,kg/yr,0.32,downward likely,83.3,low,37.21652,-89.466
OpenRiver,USGS Thebes,7022000,Conductivity,1994 to 2018,667,0,0.00135,0.606,,0.104,10.4,increasing,0.26,6.2,49.7,563,587,uS/cm,0.039,upward highly likely,99,high,,-0.72,,,,,,,,37.21652,-89.466
OpenRiver,USGS Thebes,7022000,Sulfate,1995 to 2018,127,0,0.00293,0.485,0.524,0.251,25.5,no clear trend,-0.18,-4.1,-0.0832,58.2,66.1,mg/L,0.91,about as likely as not,53.9,,no clear trend,-0.22,-5.2,-274.8 10^6,kg/yr,0.81,about as likely as not,59.8,,37.21652,-89.466
OpenRiver,USGS Thebes,7022000,Total Suspended Solids,1989 to 2018,575,0,-0.00205,0.608,0.838,0.5,53.3,decreasing,-1.7,-49,-84.8,166.7,129,mg/L,0.26,downward likely,87.3,low,decreasing,-1.7,-48,-27978 10^6,kg/yr,0.37,downward likely,81.4,low,37.21652,-89.466
OpenRiver,USGS Thebes,7022000,Turbidity,1994 to 2017,588,0,-0.0107,0.54,,0.55,59.4,no clear trend,0.24,5.4,-6.88,96.3,91.5,NTUs,0.75,about as likely as not,38.2,,,-1.7,,,,,,,,37.21652,-89.466
OpenRiver,USGS Thebes,7022000,Total Zinc,1989 to 2018,179,49.2,-0.176,0.476,,0.769,89.8,decreasing,-2.5,-72,-48.7,17,15,ug/L,0.061,downward highly likely,96.9,high,,-1.7,,,,,,,,37.21652,-89.466
OpenRiver,USGS Thebes,7022000,Total Nitrogen,1994 to 2017,499,0,-0.0018,0.585,0.909,0.231,23.5,no clear trend,0.01,0.23,0.0611,3.23,3.09,mg/L,0.85,about as likely as not,57.8,,no clear trend,0.052,1.2,7.954 10^6,kg/yr,0.99,about as likely as not,50,,37.21652,-89.466
Pool13,USGS Clinton,5420500,Total Aluminum,1989 to 2018,139,2.9,0.119,0.338,,0.732,84.2,decreasing,-1.5,-44,-503,659,523,ug/L,0.039,downward highly likely,99,high,,0.052,,,,,,,,41.86469,-90.17277
Pool13,USGS Clinton,5420500,Ammonia,1994 to 2018,479,10.2,-0.0427,0.429,0.53,0.692,78.4,decreasing,-0.98,-24,-0.0399,0.0661,0.0602,mg/L,0.072,downward highly likely,96.5,high,decreasing,-1,-24,-2.133 10^6,kg/yr,0.069,downward highly likely,96.5,high,41.86469,-90.17277
Pool13,USGS Clinton,5420500,Total Arsenic,1989 to 2018,140,50,-0.299,0.106,,1.13,161,increasing,1.5,42,0.513,1.88,1.92,ug/L,0.51,upward likely,73.5,low,,-1,,,,,,,,41.86469,-90.17277
Pool13,USGS Clinton,5420500,Chloride,1989 to 2018,209,0,-0.0021,0.551,0.913,0.148,14.9,increasing,1.3,37,5.11,17.8,19.2,mg/L,0.039,upward highly likely,99,high,increasing,1,30,234.1 10^6,kg/yr,0.039,upward highly likely,99,high,41.86469,-90.17277
Pool13,USGS Clinton,5420500,Chlorophyll-a,1994 to 2018,566,5.3,0.0996,0.561,,0.837,101,increasing,0.66,16,2.71,17.7,27.8,ug/L,0.58,upward likely,71.6,low,,1,,,,,,,,41.86469,-90.17277
Pool13,USGS Clinton,5420500,Total Copper,1989 to 2018,138,70.3,-0.548,0.109,,0.931,118,no clear trend,-0.36,-11,-0.0752,1.8,1.9,ug/L,0.98,about as likely as not,49,,,1,,,,,,,,41.86469,-90.17277
Pool13,USGS Clinton,5420500,Dissolved Oxygen,1989 to 2018,636,0,0.000395,0.771,0.947,0.134,13.4,increasing,0.17,5.1,0.723,10.34,11,mg/L,0.052,upward highly likely,97.2,high,increasing,0.026,0.76,12.86 10^6,kg/yr,0.49,upward likely,75,low,41.86469,-90.17277
Pool13,USGS Clinton,5420500,Fecal Coliform,1989 to 2018,83,4.8,0.138,0.000558,,1.53,306,no clear trend,1.3,37,5.94,330,350,#/100mL,0.94,about as likely as not,48,,,0.026,,,,,,,,41.86469,-90.17277
Pool13,USGS Clinton,5420500,Total Lead,1989 to 2018,140,75.7,-0.356,0.372,,1.67,390,no clear trend,3.2,92,0.402,3.457,2.444,ug/L,0.77,about as likely as not,61.8,,,0.026,,,,,,,,41.86469,-90.17277
Pool13,USGS Clinton,5420500,Inorganic Nitrogen,1989 to 2018,559,0.9,0.0503,0.457,0.746,0.557,60.3,increasing,1.7,48,0.487,2.361,1.89,mg/L,0.066,upward highly likely,96.5,high,increasing,1.5,44,28.8 10^6,kg/yr,0.13,upward very likely,93.6,moderate,41.86469,-90.17277
Pool13,USGS Clinton,5420500,pH,1989 to 2018,635,0,-0.000804,0.396,,0.0393,3.93,decreasing,-0.048,-1.4,-0.117,7.87,8.01,SU,0.52,downward likely,73.5,low,,1.5,,,,,,,,41.86469,-90.17277
Pool13,USGS Clinton,5420500,Total Phosphorus,1989 to 2018,555,0,0.00728,0.578,0.883,0.332,34.2,decreasing,-1.4,-41,-0.0748,0.148,0.129,mg/L,0.039,downward highly likely,99,high,decreasing,-1.5,-43,-4.628 10^6,kg/yr,0.039,downward highly likely,99,high,41.86469,-90.17277
Pool13,USGS Clinton,5420500,Conductivity,1994 to 2018,583,0,-0.00285,0.397,,0.116,11.6,increasing,-0.039,-0.93,12,406,400,uS/cm,0.39,upward likely,81.4,low,,-1.5,,,,,,,,41.86469,-90.17277
Pool13,USGS Clinton,5420500,Sulfate,1995 to 2018,148,2.7,0.0333,0.253,0.664,0.456,48.1,decreasing,-0.77,-18,-5.29,27.8,27.3,mg/L,0.54,downward likely,73.5,low,decreasing,-0.76,-18,-275.6 10^6,kg/yr,0.54,downward likely,73.5,low,41.86469,-90.17277
Pool13,USGS Clinton,5420500,Total Suspended Solids,1989 to 2018,624,0.3,0.0314,0.733,0.866,0.576,62.7,decreasing,-1.7,-50,-22.3,43.9,32.5,mg/L,0.039,downward highly likely,99,high,decreasing,-1.7,-48,-1538 10^6,kg/yr,0.039,downward highly likely,99,high,41.86469,-90.17277
Pool13,USGS Clinton,5420500,Turbidity,1994 to 2017,572,0,0.00425,0.696,,0.479,50.8,no clear trend,-0.32,-7.4,-0.973,22.7,19.1,NTUs,0.68,about as likely as not,34.3,,,-1.7,,,,,,,,41.86469,-90.17277
Pool13,USGS Clinton,5420500,Total Zinc,1989 to 2018,138,58.7,-0.878,0.19,,0.691,78.3,decreasing,-1.7,-48,-12.6,14.3,12.5,ug/L,0.52,downward likely,73.5,low,,-1.7,,,,,,,,41.86469,-90.17277
Pool13,USGS Clinton,5420500,Total Nitrogen,1994 to 2017,434,0,0.00271,0.485,0.902,0.259,26.3,increasing,0.43,9.8,0.215,2.78,2.39,mg/L,0.14,upward very likely,93.6,moderate,increasing,0.51,12,14.3 10^6,kg/yr,0.11,upward very likely,94.6,moderate,41.86469,-90.17277
Pool26,USGS Grafton,5587450,Total Aluminum,1990 to 2018,147,0,0.0445,0.48,,0.69,78.1,decreasing,-2.2,-63,-1077,895,649,ug/L,0.13,downward very likely,93.6,moderate,,0.51,,,,,,,,38.88514,-90.1807
Pool26,USGS Grafton,5587450,Ammonia,1994 to 2018,467,18.2,-0.0736,0.349,0.572,0.766,89.4,decreasing,-2,-48,-0.0444,0.0428,0.0421,mg/L,0.032,downward highly likely,98.5,high,decreasing,-1.4,-33,-3.913 10^6,kg/yr,0.1,downward very likely,94.6,moderate,38.88514,-90.1807
Pool26,USGS Grafton,5587450,Total Arsenic,1990 to 2018,148,35.8,-2.08,0.197,,1.06,144,increasing,1.4,40,0.96,1.78,1.69,ug/L,0.087,upward highly likely,95.5,high,,-1.4,,,,,,,,38.88514,-90.1807
Pool26,USGS Grafton,5587450,Chloride,1989 to 2018,237,0,-0.007,0.689,0.858,0.277,28.2,increasing,3.1,89,25.3,43.5,45,mg/L,0.039,upward highly likely,99,high,increasing,3.7,109,3231 10^6,kg/yr,0.039,upward highly likely,99,high,38.88514,-90.1807
Pool26,USGS Grafton,5587450,Chlorophyll-a,1994 to 2018,564,0.4,0.0141,0.41,,0.628,69.6,increasing,0.36,8.6,3.64,19.8,27,ug/L,0.38,upward likely,81.4,low,,3.7,,,,,,,,38.88514,-90.1807
Pool26,USGS Grafton,5587450,Total Copper,1990 to 2018,151,39.7,0.0768,0.122,,0.861,105,decreasing,-2.3,-64,-4.62,3.07,2.48,ug/L,0.17,downward very likely,91.2,moderate,,3.7,,,,,,,,38.88514,-90.1807
Pool26,USGS Grafton,5587450,Dissolved Oxygen,1989 to 2018,609,0.3,0.00386,,,,,increasing,0.34,9.8,0.489,10.29,10.59,mg/L,0.074,upward highly likely,97.2,high,increasing,0.28,8.1,15.14 10^6,kg/yr,0.55,upward likely,73.1,low,38.88514,-90.1807
Pool26,USGS Grafton,5587450,Fecal Coliform,1989 to 2018,206,1.5,0.169,0.162,,1.41,253,decreasing,-1.3,-38,-139,187.3,187,#/100mL,0.52,downward likely,73.5,low,,0.28,,,,,,,,38.88514,-90.1807
Pool26,USGS Grafton,5587450,Total Lead,1990 to 2018,151,49,0.109,0.101,,1.22,185,decreasing,-1.4,-39,-3.03,3.11,2.85,ug/L,0.27,downward likely,87.3,low,,0.28,,,,,,,,38.88514,-90.1807
Pool26,USGS Grafton,5587450,Inorganic Nitrogen,1990 to 2018,507,0.4,0.0536,0.478,0.814,0.474,50.1,increasing,0.95,27,0.659,3.5,3.05,mg/L,0.17,upward very likely,91.3,moderate,increasing,1.2,35,110.1 10^6,kg/yr,0.17,upward very likely,91.3,moderate,38.88514,-90.1807
Pool26,USGS Grafton,5587450,pH,1989 to 2018,594,0,0.000989,0.302,,0.0405,4.05,decreasing,-0.16,-4.6,-0.295,7.87,7.98,SU,0.039,downward highly likely,99,high,,1.2,,,,,,,,38.88514,-90.1807
Pool26,USGS Grafton,5587450,Total Phosphorus,1989 to 2018,508,0,0.00594,0.317,0.874,0.315,32.3,increasing,0.85,25,0.0527,0.249,0.222,mg/L,0.039,upward highly likely,99,high,increasing,0.91,26,7.28 10^6,kg/yr,0.039,upward highly likely,99,high,38.88514,-90.1807
Pool26,USGS Grafton,5587450,Conductivity,1994 to 2018,579,0,-0.00337,0.389,,0.134,13.5,increasing,0.63,15,70,536,542,uS/cm,0.039,upward highly likely,99,high,,0.91,,,,,,,,38.88514,-90.1807
Pool26,USGS Grafton,5587450,Sulfate,1995 to 2018,201,3,0.0308,0.0657,0.65,0.441,46.4,increasing,0.96,22,4.44,40.1,41.4,mg/L,0.2,upward likely,89.6,low,increasing,0.93,21,659.8 10^6,kg/yr,0.091,upward highly likely,95.5,high,38.88514,-90.1807
Pool26,USGS Grafton,5587450,Total Suspended Solids,1990 to 2018,572,0,0.0605,0.62,0.846,0.577,62.8,decreasing,-1.1,-32,-12.4,87.2,64.8,mg/L,0.57,downward likely,71.6,low,decreasing,-1.3,-36,-2715 10^6,kg/yr,0.55,downward likely,73.5,low,38.88514,-90.1807
Pool26,USGS Grafton,5587450,Turbidity,1994 to 2017,568,0,0.037,0.591,,0.56,60.7,no clear trend,0.12,2.8,0.25,55.5,48.6,NTUs,0.95,about as likely as not,48,,,-1.3,,,,,,,,38.88514,-90.1807
Pool26,USGS Grafton,5587450,Total Zinc,1990 to 2018,146,28.1,-0.327,-0.0105,,1.02,135,increasing,0.85,24,4.57,14.01,11.96,ug/L,0.46,upward likely,77.5,low,,-1.3,,,,,,,,38.88514,-90.1807
Pool26,USGS Grafton,5587450,Total Nitrogen,1994 to 2017,364,0,-0.00362,0.565,0.922,0.252,25.6,no clear trend,0.01,0.24,-0.0426,3.78,3.55,mg/L,0.93,about as likely as not,53.9,,no clear trend,-0.0096,-0.22,-5.685 10^6,kg/yr,,about as likely as not,50,,38.88514,-90.1807
Pool4A,USGS Prescott,5344500,Ammonia,1989 to 2018,1368,22.7,0.00843,0.385,0.475,0.886,109,increasing,0.96,28,0.032,0.1698,0.194,mg/L,0.37,upward likely,81.4,low,no clear trend,0.24,7,0.2256 10^6,kg/yr,0.68,about as likely as not,65.7,,44.57186398,-92.51097009
Pool4A,USGS Prescott,5344500,Total Arsenic,1989 to 2018,185,8.1,-0.0273,0.712,,0.261,26.5,decreasing,-0.34,-9.8,-0.182,1.76,1.61,ug/L,0.29,downward likely,85.3,low,,0.24,,,,,,,,44.57186398,-92.51097009
Pool4A,USGS Prescott,5344500,Total Cadmium,1989 to 2018,239,65.3,-0.92,0.496,,0.567,61.6,decreasing,-2.9,-86,-0.112,0.0262,0.0246,ug/L,0.18,downward very likely,91.4,moderate,,0.24,,,,,,,,44.57186398,-92.51097009
Pool4A,USGS Prescott,5344500,Chloride,1989 to 2018,743,0.1,0.0107,0.559,0.839,0.247,25.1,increasing,1.1,32,8.96,26.2,30.3,mg/L,0.039,upward highly likely,99,high,increasing,0.58,17,133.5 10^6,kg/yr,0.039,upward highly likely,99,high,44.57186398,-92.51097009
Pool4A,USGS Prescott,5344500,Chlorophyll-a,1994 to 2017,154,3.9,0.0606,0.652,,0.673,75.7,decreasing,-0.65,-15,-3.27,16,18.4,ug/L,0.5,downward likely,75.5,low,,0.58,,,,,,,,44.57186398,-92.51097009
Pool4A,USGS Prescott,5344500,Total Copper,1989 to 2018,250,7.6,-0.0337,0.453,,0.303,31,decreasing,-1.5,-42,-1.02,1.83,1.69,ug/L,0.039,downward highly likely,99,high,,0.58,,,,,,,,44.57186398,-92.51097009
Pool4A,USGS Prescott,5344500,Dissolved Oxygen,1989 to 2018,1398,0.4,-0.00324,0.794,0.98,0.108,10.8,no clear trend,-0.072,-2.1,-0.00441,10,9.97,mg/L,0.97,about as likely as not,48,,increasing,-0.0076,-0.22,2.191 10^6,kg/yr,0.51,upward likely,75.5,low,44.57186398,-92.51097009
Pool4A,USGS Prescott,5344500,Total Lead,1989 to 2018,184,22.3,0.034,0.572,,0.571,62.1,decreasing,-2.5,-72,-1.2,0.537,0.48,ug/L,0.039,downward highly likely,99,high,,-0.0076,,,,,,,,44.57186398,-92.51097009
Pool4A,USGS Prescott,5344500,Total Mercury,1989 to 2018,245,60.8,-1.01,0.644,,0.851,103,decreasing,-3.3,-97,-0.148,0.00559,0.00477,ug/L,0.036,downward highly likely,97.5,high,,-0.0076,,,,,,,,44.57186398,-92.51097009
Pool4A,USGS Prescott,5344500,Inorganic Nitrogen,1994 to 2018,194,0,0.0438,0.251,0.822,0.473,50.1,increasing,0.78,19,0.338,2.62,2.15,mg/L,0.11,upward very likely,94.6,moderate,increasing,0.57,14,5.815 10^6,kg/yr,0.45,upward likely,77.7,low,44.57186398,-92.51097009
Pool4A,USGS Prescott,5344500,pH,1994 to 2017,154,0,0.00106,0.615,,0.0212,2.12,no clear trend,-0.014,-0.31,0.00218,8.04,8.11,SU,0.73,about as likely as not,63.7,,,0.57,,,,,,,,44.57186398,-92.51097009
Pool4A,USGS Prescott,5344500,Total Phosphorus,1989 to 2018,1155,0.3,-0.00831,0.639,0.897,0.328,33.7,decreasing,-2,-58,-0.119,0.1055,0.0902,mg/L,0.039,downward highly likely,99,high,decreasing,-1.6,-48,-2.119 10^6,kg/yr,0.039,downward highly likely,99,high,44.57186398,-92.51097009
Pool4A,USGS Prescott,5344500,Conductivity,1994 to 2017,154,0,0.00915,0.149,,0.152,15.3,increasing,-0.09,-2.1,10.4,509,500,uS/cm,0.57,upward likely,71.6,low,,-1.6,,,,,,,,44.57186398,-92.51097009
Pool4A,USGS Prescott,5344500,Sulfate,1989 to 2018,587,0,0.01,0.243,0.805,0.438,45.9,increasing,0.84,24,5.6,63.5,59,mg/L,0.35,upward likely,83.3,low,increasing,0.61,18,79.44 10^6,kg/yr,0.64,upward likely,67.6,low,44.57186398,-92.51097009
Pool4A,USGS Prescott,5344500,Total Suspended Solids,1994 to 2017,151,0,0.0287,0.904,0.955,0.389,40.5,decreasing,-1.1,-25,-6.45,22.4,19.2,mg/L,0.065,downward highly likely,96.9,high,decreasing,-0.77,-18,-128.5 10^6,kg/yr,0.39,downward likely,80.9,low,44.57186398,-92.51097009
Pool4A,USGS Prescott,5344500,Turbidity,1994 to 2017,153,0,0.0107,0.899,,0.308,31.5,decreasing,-1.1,-26,-4.93,16.3,14.1,NTUs,0.039,downward highly likely,99,high,,-0.77,,,,,,,,44.57186398,-92.51097009
Pool4A,USGS Prescott,5344500,Total Zinc,1989 to 2018,189,25.4,-0.0198,-0.0415,,0.816,97.3,decreasing,-2.7,-78,-11.1,4.15,4.05,ug/L,0.071,downward highly likely,97.2,high,,-0.77,,,,,,,,44.57186398,-92.51097009
Pool4A,USGS Prescott,5344500,Total Nitrogen,1994 to 2017,128,0,0.0103,0.189,0.886,0.328,33.7,increasing,0.46,11,0.242,3.38,2.97,mg/L,0.41,upward likely,79.4,low,increasing,0.5,11,7.004 10^6,kg/yr,0.39,upward likely,81.4,low,44.57186398,-92.51097009
Pool4B,USGS Winona,5378500,Ammonia,1994 to 2017,230,3.5,-0.0435,0.489,0.643,0.594,65,decreasing,0.49,11,-0.0119,0.0767,0.0724,mg/L,0.6,downward likely,69.6,low,decreasing,-0.08,-1.8,-0.5106 10^6,kg/yr,0.44,downward likely,77.5,low,44.33561216,-91.92838656
Pool4B,USGS Winona,5378500,Chlorophyll-a,1994 to 2017,264,5.7,0.0368,0.617,,0.691,78.3,decreasing,-1.4,-33,-4.84,12.6,16.1,ug/L,0.42,downward likely,79.4,low,,-0.08,,,,,,,,44.33561216,-91.92838656
Pool4B,USGS Winona,5378500,Total Copper,2002 to 2017,66,0,0.00383,0.4,,0.22,22.3,no clear trend,-0.18,-2.7,-0.0553,1.43,1.3,ug/L,0.8,about as likely as not,40.2,,,-0.08,,,,,,,,44.33561216,-91.92838656
Pool4B,USGS Winona,5378500,Dissolved Oxygen,1994 to 2017,263,3,0.0183,,,,,decreasing,-0.062,-1.4,-0.3,10.41,10.54,mg/L,0.61,downward likely,69.6,low,decreasing,-0.13,-3,-11.06 10^6,kg/yr,0.45,downward likely,77.5,low,44.33561216,-91.92838656
Pool4B,USGS Winona,5378500,Total Mercury,2002 to 2017,69,0,-0.00456,0.721,,0.322,33.1,decreasing,-0.46,-6.8,-0.000132,0.0024,0.002,ug/L,0.52,downward likely,73.5,low,,-0.13,,,,,,,,44.33561216,-91.92838656
Pool4B,USGS Winona,5378500,Inorganic Nitrogen,1994 to 2017,229,0,0.0298,0.238,0.751,0.516,55.2,increasing,0.071,1.6,0.127,2.21,1.8,mg/L,0.49,upward likely,75.5,low,increasing,0.32,7.3,6.075 10^6,kg/yr,0.45,upward likely,77.5,low,44.33561216,-91.92838656
Pool4B,USGS Winona,5378500,pH,1994 to 2017,263,0,-7.41,0.6,,0.0262,2.62,decreasing,-0.067,-1.5,-0.0909,8,8.11,SU,0.32,downward likely,84.7,low,,0.32,,,,,,,,44.33561216,-91.92838656
Pool4B,USGS Winona,5378500,Total Phosphorus,1994 to 2017,228,0,0.00218,0.722,0.925,0.249,25.3,decreasing,-1.7,-39,-0.0466,0.0849,0.079,mg/L,0.039,downward highly likely,99,high,decreasing,-1.4,-33,-1.233 10^6,kg/yr,0.039,downward highly likely,99,high,44.33561216,-91.92838656
Pool4B,USGS Winona,5378500,Conductivity,1994 to 2017,264,0,-0.0022,0.179,,0.186,18.7,decreasing,-0.67,-15,-26.4,407,399,uS/cm,0.31,downward likely,85.3,low,,-1.4,,,,,,,,44.33561216,-91.92838656
Pool4B,USGS Winona,5378500,Total Suspended Solids,1994 to 2017,259,0,-0.00133,0.833,0.94,0.317,32.5,decreasing,-1.5,-34,-2.86,6.01,5.63,mg/L,0.039,downward highly likely,99,high,decreasing,-1.7,-39,-116.7 10^6,kg/yr,0.039,downward highly likely,99,high,44.33561216,-91.92838656
Pool4B,USGS Winona,5378500,Turbidity,1994 to 2017,264,0,-0.0133,0.811,,0.245,24.9,decreasing,-1.4,-31,-2.52,6.28,5.65,NTUs,0.039,downward highly likely,99,high,,-1.7,,,,,,,,44.33561216,-91.92838656
Pool4B,USGS Winona,5378500,Total Nitrogen,1994 to 2017,233,0,0.00953,0.189,0.855,0.348,35.9,no clear trend,-0.21,-4.9,-0.00252,2.83,2.45,mg/L,0.92,about as likely as not,53.9,,no clear trend,-0.11,-2.4,0.6512 10^6,kg/yr,0.9,about as likely as not,53.9,,44.33561216,-91.92838656
Pool5_6,USGS Winona,5378500,Ammonia,1989 to 2016,146,33.6,-0.0681,0.276,0.436,0.744,86,decreasing,-2.1,-56,-0.0697,0.0635,0.0679,mg/L,0.084,downward highly likely,95.5,high,decreasing,-2.3,-63,-2.651 10^6,kg/yr,0.056,downward highly likely,97.5,high,44.088222,-91.668861
Pool5_6,USGS Winona,5378500,Dissolved Oxygen,1989 to 2018,284,0,0.00107,0.67,0.958,0.143,14.4,increasing,0.43,12,0.89,11.3,11.8,mg/L,0.039,upward highly likely,99,high,increasing,0.43,13,28.72 10^6,kg/yr,0.039,upward highly likely,99,high,44.088222,-91.668861
Pool5_6,USGS Winona,5378500,Fecal Coliform,1989 to 2003,105,8.6,0.162,0.153,,1.76,457,decreasing,-5.1,-71,-281,77,126,#/100mL,0.36,downward likely,81.4,low,,0.43,,,,,,,,44.088222,-91.668861
Pool5_6,USGS Winona,5378500,Inorganic Nitrogen,1989 to 2018,430,0,0.0416,0.511,0.819,0.511,54.6,increasing,1.3,36,0.463,2.375,2.05,mg/L,0.16,upward very likely,91.3,moderate,increasing,0.51,15,8.639 10^6,kg/yr,0.55,upward likely,72.2,low,44.088222,-91.668861
Pool5_6,USGS Winona,5378500,pH,1989 to 2018,287,0,-0.000123,0.317,,0.0347,3.47,decreasing,-0.0092,-0.27,-0.112,8.13,8.23,SU,0.28,downward likely,85.3,low,,0.51,,,,,,,,44.088222,-91.668861
Pool5_6,USGS Winona,5378500,Total Phosphorus,1989 to 2018,369,0,-0.0015,0.611,0.883,0.303,31,decreasing,-2,-59,-0.117,0.0923,0.083,mg/L,0.039,downward highly likely,99,high,decreasing,-1.9,-55,-3.846 10^6,kg/yr,0.039,downward highly likely,99,high,44.088222,-91.668861
Pool5_6,USGS Winona,5378500,Conductivity,1989 to 2018,291,0,-0.00395,0.179,,0.173,17.5,increasing,0.71,21,64.6,435,444,uS/cm,0.048,upward highly likely,97.5,high,,-1.9,,,,,,,,44.088222,-91.668861
Pool5_6,USGS Winona,5378500,Total Suspended Solids,1989 to 2018,433,0.9,0.0087,0.645,0.87,0.472,49.9,decreasing,-1.9,-55,-12.1,11.55,9.91,mg/L,0.039,downward highly likely,99,high,decreasing,-2,-58,-547.9 10^6,kg/yr,0.039,downward highly likely,99,high,44.088222,-91.668861
Pool5_6,USGS Winona,5378500,Turbidity,1996 to 2014,271,0,0.00407,0.482,,0.485,51.5,decreasing,0.93,17,-2.37,6.48,5.91,NTUs,0.43,downward likely,79.4,low,,-2,,,,,,,,44.088222,-91.668861
Pool5_6,USGS Winona,5378500,E. coli,2001 to 2016,60,11.7,0.269,-0.0391,,1.65,377,decreasing,-3.5,-52,-42.3,79.8,58.2,#/100mL,0.64,downward likely,67.6,low,,-2,,,,,,,,44.088222,-91.668861
Pool8,USGS Winona,5378500,Ammonia,1994 to 2017,352,9.9,-0.0282,0.497,0.61,0.684,77.3,no clear trend,0.77,18,-0.00882,0.0727,0.0631,mg/L,0.74,about as likely as not,36.3,,decreasing,-0.32,-7.4,-0.7433 10^6,kg/yr,0.32,downward likely,83.3,low,43.64279948,-91.23623501
Pool8,USGS Winona,5378500,Chloride,1995 to 2000,84,0,0.00604,0.68,0.902,0.159,16,increasing,5.3,27,3.73,18.7,17.6,mg/L,0.069,upward highly likely,97.2,high,increasing,5.3,26,125 10^6,kg/yr,0.07,upward highly likely,97.2,high,43.64279948,-91.23623501
Pool8,USGS Winona,5378500,Chlorophyll-a,1994 to 2017,424,6.4,0.0809,0.626,,0.856,104,decreasing,-1.8,-41,-19.5,19.8,32.2,ug/L,0.28,downward likely,85.3,low,,5.3,,,,,,,,43.64279948,-91.23623501
Pool8,USGS Winona,5378500,Dissolved Oxygen,1994 to 2017,425,1.4,0.0116,0.717,0.962,0.125,12.5,decreasing,-0.12,-2.7,-0.241,10.8,11.4,mg/L,0.56,downward likely,71.6,low,decreasing,-0.093,-2.1,-4.745 10^6,kg/yr,0.66,downward likely,67.6,low,43.64279948,-91.23623501
Pool8,USGS Winona,5378500,Inorganic Nitrogen,1994 to 2017,354,0.8,0.0852,0.415,0.753,0.588,64.2,increasing,1,23,0.375,2.62,2.03,mg/L,0.11,upward very likely,94.6,moderate,increasing,0.84,19,11.4 10^6,kg/yr,0.25,upward likely,87.6,low,43.64279948,-91.23623501
Pool8,USGS Winona,5378500,pH,1994 to 2017,425,0,-0.00101,0.558,,0.033,3.3,no clear trend,-0.019,-0.44,-0.0101,8.1,8.23,SU,0.89,about as likely as not,44.1,,,0.84,,,,,,,,43.64279948,-91.23623501
Pool8,USGS Winona,5378500,Total Phosphorus,1994 to 2017,351,0,0.00016,0.677,0.933,0.238,24.1,decreasing,-0.91,-21,-0.0187,0.101,0.0938,mg/L,0.062,downward highly likely,96.5,high,decreasing,-0.73,-17,-0.5756 10^6,kg/yr,0.11,downward very likely,94.6,moderate,43.64279948,-91.23623501
Pool8,USGS Winona,5378500,Conductivity,1994 to 2017,425,0.2,8.48,0.3,,0.144,14.5,no clear trend,-0.41,-9.4,-4.04,417,404,uS/cm,0.93,about as likely as not,46.1,,,-0.73,,,,,,,,43.64279948,-91.23623501
Pool8,USGS Winona,5378500,Sulfate,1995 to 2000,84,0,0.0133,0.377,0.899,0.283,28.9,decreasing,-2.8,-14,-5.29,28.1,32.1,mg/L,0.32,downward likely,83.3,low,decreasing,-2.4,-12,-190.6 10^6,kg/yr,0.51,downward likely,73.5,low,43.64279948,-91.23623501
Pool8,USGS Winona,5378500,Total Suspended Solids,1994 to 2017,419,0,0.0227,0.817,0.916,0.465,49.2,decreasing,-1.7,-39,-7.04,11.2,10.6,mg/L,0.039,downward highly likely,99,high,decreasing,-1.7,-39,-308 10^6,kg/yr,0.039,downward highly likely,99,high,43.64279948,-91.23623501
Pool8,USGS Winona,5378500,Turbidity,1994 to 2017,425,0,0.0147,0.799,,0.327,33.6,decreasing,-1.3,-31,-3.86,8.63,7.79,NTUs,0.039,downward highly likely,99,high,,-1.7,,,,,,,,43.64279948,-91.23623501
Pool8,USGS Winona,5378500,Total Nitrogen,1994 to 2017,357,0,0.0144,0.418,0.901,0.285,29.1,increasing,0.75,17,0.318,3.14,2.66,mg/L,0.058,upward highly likely,97.3,high,increasing,0.6,14,8.815 10^6,kg/yr,0.21,upward likely,90,low,43.64279948,-91.23623501
